Cycle,GaugeLength_mm,TotalLength_mm,Width_mm,Thickness_mm,Hardness_HRB,Total Strain (%),Ductility_pct,Elongation to Failure (mm),Empirical YieldStrength UTS (MPa),YieldStrength_Mpa,YieldStrength (MPa),Empirical Yield Load (N),Yield Load (N),PercentCW,E_Modulus (Delta sigma / Delta Epsilon)
0,77.03,152.33,13.52,3.19,79.86,0,0,,275.517,247.9653,,10694.44583,,,
1,78.7,153.8,13.41,3.17,80.53,2.167986499,2.167986499,,277.8285,250.04565,,10629.36557,,1.435467715,
2,79.6,155.2,13.3,3.15,82.8,1.143583227,3.336362456,,285.66,257.094,,10770.95313,,2.860733431,
3,81.1,157,13.27,3.14,82.93,1.884422111,5.283655719,,282.6585,254.39265,,10599.98206,,3.387527592,
4,82.1,158,13.14,3.13,83.83,1.233045623,6.581851227,,289.2135,260.29215,,10705.3476,,4.638663724,
5,94.93,171,12.44,2.91,88.7,15.6272838,23.2376996,17.9,306.015,275.4135,,9970.078865,,16.06443954,
